ticker,entry_date,entry_price,exit_date,exit_price,shares,pnl,pnl_pct,exit_reason,bars_held,commission,cum_capital
FROTO.IS,2025-03-20,90.2167,2025-04-16,86.3706,1108,-4261.48,-4.26,signal,17,0.0,95738.52
FROTO.IS,2025-04-17,82.6508,2025-04-18,83.4674,1158,945.54,0.99,signal,1,0.0,96684.06
FROTO.IS,2025-04-21,83.1498,2025-04-22,83.8303,1162,790.68,0.82,signal,1,0.0,97474.73
FROTO.IS,2025-05-02,81.1992,2025-05-05,81.3807,1200,217.73,0.22,signal,1,0.0,97692.46
FROTO.IS,2025-05-07,79.4754,2025-05-08,79.1579,1229,-390.26,-0.4,signal,1,0.0,97302.2
FROTO.IS,2025-05-26,79.4301,2025-05-27,80.1559,1225,889.11,0.91,signal,1,0.0,98191.31
FROTO.IS,2025-05-29,78.0238,2025-05-30,76.5722,1258,-1826.12,-1.86,signal,1,0.0,96365.2
FROTO.IS,2025-06-02,72.7164,2025-06-03,74.3041,1325,2103.69,2.18,signal,1,0.0,98468.89
FROTO.IS,2025-06-16,74.9845,2025-06-17,75.4835,1313,655.17,0.67,signal,1,0.0,99124.05
FROTO.IS,2025-07-18,85.6901,2025-09-02,100.7052,1156,17357.4,17.52,signal,32,0.0,116481.46
FROTO.IS,2025-09-03,95.3524,2025-09-12,91.5419,1221,-4652.58,-4.0,signal,7,0.0,111828.88
FROTO.IS,2025-09-15,91.179,2025-09-24,92.5399,1226,1668.43,1.49,signal,7,0.0,113497.31
FROTO.IS,2025-09-26,93.3564,2025-09-29,91.2697,1215,-2535.33,-2.24,signal,1,0.0,110961.98
FROTO.IS,2025-10-07,87.5954,2025-10-08,88.3212,1266,918.85,0.83,signal,1,0.0,111880.84
FROTO.IS,2025-10-09,87.8222,2025-10-10,85.4179,1273,-3060.59,-2.74,signal,1,0.0,108820.25
FROTO.IS,2025-10-13,83.8303,2025-10-14,84.0117,1298,235.52,0.22,signal,1,0.0,109055.77
FROTO.IS,2025-10-15,83.8756,2025-10-16,83.2405,1300,-825.6,-0.76,signal,1,0.0,108230.16
FROTO.IS,2025-10-17,81.7889,2025-10-20,84.1932,1323,3180.79,2.94,signal,1,0.0,111410.95
FROTO.IS,2025-11-12,86.1891,2025-11-13,86.0077,1292,-234.43,-0.21,signal,1,0.0,111176.51
FROTO.IS,2025-11-19,85.7809,2025-11-20,86.6427,1296,1117.0,1.0,signal,1,0.0,112293.52
FROTO.IS,2025-12-19,92.8629,2025-12-30,88.1255,1209,-5727.53,-5.1,signal,7,0.0,106565.99
FROTO.IS,2026-01-21,99.5823,2026-02-19,120.949,1070,22862.36,21.46,signal,21,0.0,129428.35
FROTO.IS,2026-02-20,116.7917,2026-03-03,107.8003,1108,-9962.48,-7.7,signal,7,0.0,119465.86
FROTO.IS,2026-03-04,104.8998,2026-03-05,108.477,1138,4070.88,3.41,signal,1,0.0,123536.75
FROTO.IS,2026-03-06,107.1235,2026-03-09,102.1927,1153,-5685.19,-4.6,signal,1,0.0,117851.55
FROTO.IS,2026-03-31,100.3,2026-04-01,103.5,1174,3756.8,3.19,signal,1,0.0,121608.35
FROTO.IS,2026-04-08,101.5,2026-04-09,101.1,1198,-479.2,-0.39,signal,1,0.0,121129.15
FROTO.IS,2026-04-29,99.6,2026-04-30,98.1,1216,-1824.0,-1.51,signal,1,0.0,119305.15
FROTO.IS,2026-05-04,98.55,2026-05-05,96.05,1210,-3025.0,-2.54,signal,1,0.0,116280.15
FROTO.IS,2026-05-13,94.15,2026-05-14,93.55,1235,-741.0,-0.64,signal,1,0.0,115539.15
FROTO.IS,2026-05-15,92.8,2026-05-18,91.35,1245,-1805.26,-1.56,signal,1,0.0,113733.89
FROTO.IS,2026-05-20,87.35,2026-05-21,86.65,1302,-911.4,-0.8,signal,1,0.0,112822.5
FROTO.IS,2026-05-22,82.35,2026-05-25,87.35,1370,6850.0,6.07,signal,1,0.0,119672.5
FROTO.IS,2026-06-25,87.05,2026-06-26,86.4,1374,-893.1,-0.75,signal,1,0.0,118779.4
FROTO.IS,2026-06-29,86.35,2026-06-30,85.6,1375,-1031.25,-0.87,signal,1,0.0,117748.15
FROTO.IS,2026-07-01,84.55,2026-07-02,85.25,1392,974.4,0.83,signal,1,0.0,118722.54
FROTO.IS,2026-07-03,83.9,2026-07-06,83.95,1415,70.74,0.06,signal,1,0.0,118793.28
FROTO.IS,2026-07-07,82.0,2026-07-08,82.5,1448,724.0,0.61,signal,1,0.0,119517.28
FROTO.IS,2026-07-09,81.25,2026-07-10,80.85,1470,-588.0,-0.49,signal,1,0.0,118929.28
FROTO.IS,2026-07-24,79.45,2026-07-27,79.5,1496,74.8,0.06,signal,1,0.0,119004.09
FROTO.IS,2026-07-28,78.0,2026-07-29,77.5,1525,-762.5,-0.64,signal,1,0.0,118241.59
FROTO.IS,2026-07-30,76.1,2026-07-31,76.9,1553,1242.4,1.05,signal,1,0.0,119483.99
FROTO.IS,2026-09-01,77.15,2026-09-02,76.9,1548,-387.0,-0.32,signal,1,0.0,119096.99
FROTO.IS,2026-09-03,76.75,2026-09-04,75.8,1551,-1473.45,-1.24,signal,1,0.0,117623.55
FROTO.IS,2026-09-17,74.7,2026-09-18,77.45,1574,4328.5,3.68,signal,1,0.0,121952.05
FROTO.IS,2026-09-29,74.95,2026-09-30,74.4,1627,-894.84,-0.73,signal,1,0.0,121057.2
